<?xml version="1.0" encoding="UTF-8" ?>
<!DOCTYPE generatorConfiguration PUBLIC
        "-//mybatis.org//DTD MyBatis Generator Configuration 1.0//EN"
        "http://mybatis.org/dtd/mybatis-generator-config_1_0.dtd" >
<generatorConfiguration>

    <classPathEntry location="C:\Users\11599\.m2\repository\mysql\mysql-connector-java\5.1.40\mysql-connector-java-5.1.40.jar"/>

    <context id="context" targetRuntime="MyBatis3">
        <commentGenerator>
            <property name="suppressAllComments" value="false"/>
            <property name="suppressDate" value="true"/>
        </commentGenerator>

        <jdbcConnection userId="root" password="15162722241" driverClass="com.mysql.jdbc.Driver" connectionURL="jdbc:mysql://39.106.54.222:3306/websensor?useUnicode=true"/>
        <javaTypeResolver>
            <property name="forceBigDecimals" value="false"/>
        </javaTypeResolver>

        <javaModelGenerator targetPackage="com.jit.sensor.entity" targetProject="src/main/java">
            <property name="enableSubPackages" value="false"/>
            <property name="trimStrings" value="true"/>
        </javaModelGenerator>

        <sqlMapGenerator targetPackage="com.jit.sensor.mapper" targetProject="src/main/resources">
            <property name="enableSubPackages" value="true"/>
        </sqlMapGenerator>

        <javaClientGenerator targetPackage="com.jit.sensor.mapper" type="XMLMAPPER" targetProject="src/main/java">
            <property name="enableSubPackages" value="true"/>
        </javaClientGenerator>

        <table schema="websensor" tableName="" enableCountByExample="false" enableDeleteByExample="false"
               enableSelectByExample="false" enableUpdateByExample="false"/>
    </context>
</generatorConfiguration>