<?xml version="1.0" encoding="UTF-8" ?>
<!DOCTYPE mapper PUBLIC "-//mybatis.org//DTD Mapper 3.0//EN" "http://mybatis.org/dtd/mybatis-3-mapper.dtd" >
<mapper namespace="com.jit.sensor.mapper.EightwayrelayMapper" >
  <resultMap id="BaseResultMap" type="com.jit.sensor.entity.Eightwayrelay" >
    <!--
      WARNING - @mbggenerated
      This element is automatically generated by MyBatis MybatisGenerator, do not modify.
    -->
    <id column="deveui" property="deveui" jdbcType="VARCHAR" />
    <result column="relay" property="relay" jdbcType="VARCHAR" />
  </resultMap>
  <sql id="Base_Column_List" >
    <!--
      WARNING - @mbggenerated
      This element is automatically generated by MyBatis MybatisGenerator, do not modify.
    -->
    deveui, relay
  </sql>
  <select id="selectByPrimaryKey" resultMap="BaseResultMap" parameterType="java.lang.String" >
    <!--
      WARNING - @mbggenerated
      This element is automatically generated by MyBatis MybatisGenerator, do not modify.
    -->
    select 
    <include refid="Base_Column_List" />
    from eightwayrelay
    where deveui = #{deveui,jdbcType=VARCHAR}
  </select>
  <delete id="deleteByPrimaryKey" parameterType="java.lang.String" >
    <!--
      WARNING - @mbggenerated
      This element is automatically generated by MyBatis MybatisGenerator, do not modify.
    -->
    delete from eightwayrelay
    where deveui = #{deveui,jdbcType=VARCHAR}
  </delete>
  <insert id="insert" parameterType="com.jit.sensor.entity.Eightwayrelay" >
    <!--
      WARNING - @mbggenerated
      This element is automatically generated by MyBatis MybatisGenerator, do not modify.
    -->
    insert into eightwayrelay (deveui, relay)
    values (#{deveui,jdbcType=VARCHAR}, #{relay,jdbcType=VARCHAR})
  </insert>
  <insert id="insertSelective" parameterType="com.jit.sensor.entity.Eightwayrelay" >
    <!--
      WARNING - @mbggenerated
      This element is automatically generated by MyBatis MybatisGenerator, do not modify.
    -->
    insert into eightwayrelay
    <trim prefix="(" suffix=")" suffixOverrides="," >
      <if test="deveui != null" >
        deveui,
      </if>
      <if test="relay != null" >
        relay,
      </if>
    </trim>
    <trim prefix="values (" suffix=")" suffixOverrides="," >
      <if test="deveui != null" >
        #{deveui,jdbcType=VARCHAR},
      </if>
      <if test="relay != null" >
        #{relay,jdbcType=VARCHAR},
      </if>
    </trim>
  </insert>
  <update id="updateByPrimaryKeySelective" parameterType="com.jit.sensor.entity.Eightwayrelay" >
    <!--
      WARNING - @mbggenerated
      This element is automatically generated by MyBatis MybatisGenerator, do not modify.
    -->
    update eightwayrelay
    <set >
      <if test="relay != null" >
        relay = #{relay,jdbcType=VARCHAR},
      </if>
    </set>
    where deveui = #{deveui,jdbcType=VARCHAR}
  </update>
  <update id="updateByPrimaryKey" parameterType="com.jit.sensor.entity.Eightwayrelay" >
    <!--
      WARNING - @mbggenerated
      This element is automatically generated by MyBatis MybatisGenerator, do not modify.
    -->
    update eightwayrelay
    set relay = #{relay,jdbcType=VARCHAR}
    where deveui = #{deveui,jdbcType=VARCHAR}
  </update>
</mapper>