<?xml version="1.0" encoding="UTF-8" ?>
<!DOCTYPE mapper PUBLIC "-//mybatis.org//DTD Mapper 3.0//EN" "http://mybatis.org/dtd/mybatis-3-mapper.dtd" >
<mapper namespace="com.jit.sensor.mapper.IdtodateMapper" >
  <resultMap id="BaseResultMap" type="com.jit.sensor.entity.Idtodate" >
    <!--
      WARNING - @mbggenerated
      This element is automatically generated by MyBatis MybatisGenerator, do not modify.
    -->
    <id column="id" property="id" jdbcType="INTEGER" />
    <result column="date" property="date" jdbcType="VARCHAR" />
  </resultMap>
  <sql id="Base_Column_List" >
    <!--
      WARNING - @mbggenerated
      This element is automatically generated by MyBatis MybatisGenerator, do not modify.
    -->
    id, date
  </sql>
  <select id="selectByPrimaryKey" resultMap="BaseResultMap" parameterType="java.lang.Integer" >
    <!--
      WARNING - @mbggenerated
      This element is automatically generated by MyBatis MybatisGenerator, do not modify.
    -->
    select 
    <include refid="Base_Column_List" />
    from idtodate
    where id = #{id,jdbcType=INTEGER}
  </select>
  <delete id="deleteByPrimaryKey" parameterType="java.lang.Integer" >
    <!--
      WARNING - @mbggenerated
      This element is automatically generated by MyBatis MybatisGenerator, do not modify.
    -->
    delete from idtodate
    where id = #{id,jdbcType=INTEGER}
  </delete>
  <insert id="insert" parameterType="com.jit.sensor.entity.Idtodate" >
    <!--
      WARNING - @mbggenerated
      This element is automatically generated by MyBatis MybatisGenerator, do not modify.
    -->
    insert into idtodate (id, date)
    values (#{id,jdbcType=INTEGER}, #{date,jdbcType=VARCHAR})
  </insert>
  <insert id="insertSelective" parameterType="com.jit.sensor.entity.Idtodate" >
    <!--
      WARNING - @mbggenerated
      This element is automatically generated by MyBatis MybatisGenerator, do not modify.
    -->
    insert into idtodate
    <trim prefix="(" suffix=")" suffixOverrides="," >
      <if test="id != null" >
        id,
      </if>
      <if test="date != null" >
        date,
      </if>
    </trim>
    <trim prefix="values (" suffix=")" suffixOverrides="," >
      <if test="id != null" >
        #{id,jdbcType=INTEGER},
      </if>
      <if test="date != null" >
        #{date,jdbcType=VARCHAR},
      </if>
    </trim>
  </insert>
  <update id="updateByPrimaryKeySelective" parameterType="com.jit.sensor.entity.Idtodate" >
    <!--
      WARNING - @mbggenerated
      This element is automatically generated by MyBatis MybatisGenerator, do not modify.
    -->
    update idtodate
    <set >
      <if test="date != null" >
        date = #{date,jdbcType=VARCHAR},
      </if>
    </set>
    where id = #{id,jdbcType=INTEGER}
  </update>
  <update id="updateByPrimaryKey" parameterType="com.jit.sensor.entity.Idtodate" >
    <!--
      WARNING - @mbggenerated
      This element is automatically generated by MyBatis MybatisGenerator, do not modify.
    -->
    update idtodate
    set date = #{date,jdbcType=VARCHAR}
    where id = #{id,jdbcType=INTEGER}
  </update>

  <select id="selectMaxId" resultType="java.lang.Integer" >
    <!--
      WARNING - @mbggenerated
      This element is automatically generated by MyBatis MybatisGenerator, do not modify.
    -->
    select
    MAX(id)
    from idtodate
  </select>

  <select id="selectDayId" parameterType="map" resultMap="BaseResultMap">
    select
    <include refid="Base_Column_List" />
    from idtodate
    where  date <![CDATA[ >= ]]> #{lasttime,jdbcType=VARCHAR}
    and date <![CDATA[ < ]]> #{nowtime,jdbcType=VARCHAR}
  </select>
  <!--&#45;&#45;     order by time DESC-->


</mapper>