<?xml version="1.0" encoding="UTF-8" ?>
<!DOCTYPE mapper PUBLIC "-//mybatis.org//DTD Mapper 3.0//EN" "http://mybatis.org/dtd/mybatis-3-mapper.dtd" >
<mapper namespace="com.jit.sensor.mapper.RelaybinduserMapper" >
  <resultMap id="BaseResultMap" type="com.jit.sensor.entity.RelaybinduserKey" >
    <!--
      WARNING - @mbggenerated
      This element is automatically generated by MyBatis MybatisGenerator, do not modify.
    -->
    <id column="deveui" property="deveui" jdbcType="VARCHAR" />
    <id column="userid" property="userid" jdbcType="VARCHAR" />
    <id column="permission" property="permission" jdbcType="INTEGER" />
  </resultMap>
  <sql id="Base_Column_List">
    deveui,userid,permission
  </sql>
  <delete id="deleteByPrimaryKey" parameterType="com.jit.sensor.entity.RelaybinduserKey" >
    <!--
      WARNING - @mbggenerated
      This element is automatically generated by MyBatis MybatisGenerator, do not modify.
    -->
    delete from relaybinduser
    where deveui = #{deveui,jdbcType=VARCHAR}
      and userid = #{userid,jdbcType=VARCHAR}
      and permission = #{permission,jdbcType=INTEGER}
  </delete>
  <insert id="insert" parameterType="com.jit.sensor.entity.RelaybinduserKey" >
    <!--
      WARNING - @mbggenerated
      This element is automatically generated by MyBatis MybatisGenerator, do not modify.
    -->
    insert into relaybinduser (deveui, userid, permission
      )
    values (#{deveui,jdbcType=VARCHAR}, #{userid,jdbcType=VARCHAR}, #{permission,jdbcType=INTEGER}
      )
  </insert>
  <insert id="insertSelective" parameterType="com.jit.sensor.entity.RelaybinduserKey" >
    <!--
      WARNING - @mbggenerated
      This element is automatically generated by MyBatis MybatisGenerator, do not modify.
    -->
    insert into relaybinduser
    <trim prefix="(" suffix=")" suffixOverrides="," >
      <if test="deveui != null" >
        deveui,
      </if>
      <if test="userid != null" >
        userid,
      </if>
      <if test="permission != null" >
        permission,
      </if>
    </trim>
    <trim prefix="values (" suffix=")" suffixOverrides="," >
      <if test="deveui != null" >
        #{deveui,jdbcType=VARCHAR},
      </if>
      <if test="userid != null" >
        #{userid,jdbcType=VARCHAR},
      </if>
      <if test="permission != null" >
        #{permission,jdbcType=INTEGER},
      </if>
    </trim>
  </insert>


  <!--insertBindData-->
  <select id="selectBindData" parameterType="map" resultMap="BaseResultMap">
    <!--
      WARNING - @mbggenerated
      This element is automatically generated by MyBatis MybatisGenerator, do not modify.
    -->
    select
    <include refid="Base_Column_List"/>
    from relaybinduser
    where deveui = #{deveui,jdbcType=VARCHAR}
    and userid = #{userid,jdbcType=VARCHAR}
  </select>

  <select id="selectall" resultMap="BaseResultMap">
    select
    <include refid="Base_Column_List"/>
    from relaybinduser
  </select>
</mapper>