<?xml version="1.0" encoding="UTF-8"?>
<!DOCTYPE mapper PUBLIC "-//mybatis.org//DTD Mapper 3.0//EN" "http://mybatis.org/dtd/mybatis-3-mapper.dtd">
<mapper namespace="com.jit.sensor.mapper.RelayoperationMapper">
  <resultMap id="BaseResultMap" type="com.jit.sensor.entity.Relayoperation">
    <!--
      WARNING - @mbggenerated
      This element is automatically generated by MyBatis MybatisGenerator, do not modify.
    -->
    <id column="userid" jdbcType="VARCHAR" property="userid" />
    <id column="deveui" jdbcType="VARCHAR" property="deveui" />
    <id column="time" jdbcType="VARCHAR" property="time" />
    <id column="devtype" jdbcType="VARCHAR" property="devtype" />
    <result column="data" jdbcType="VARCHAR" property="data" />
    <result column="flag" jdbcType="INTEGER" property="flag" />
    <result column="switchno" jdbcType="VARCHAR" property="switchno" />
  </resultMap>
  <sql id="Base_Column_List">
    <!--
      WARNING - @mbggenerated
      This element is automatically generated by MyBatis MybatisGenerator, do not modify.
    -->
    userid, deveui, time, devtype, data, flag, switchno
  </sql>
  <select id="selectByPrimaryKey" parameterType="com.jit.sensor.entity.RelayoperationKey" resultMap="BaseResultMap">
    <!--
      WARNING - @mbggenerated
      This element is automatically generated by MyBatis MybatisGenerator, do not modify.
    -->
    select 
    <include refid="Base_Column_List" />
    from relayoperation
    where userid = #{userid,jdbcType=VARCHAR}
      and deveui = #{deveui,jdbcType=VARCHAR}
      and time = #{time,jdbcType=VARCHAR}
      and devtype = #{devtype,jdbcType=VARCHAR}
  </select>
  <delete id="deleteByPrimaryKey" parameterType="com.jit.sensor.entity.RelayoperationKey">
    <!--
      WARNING - @mbggenerated
      This element is automatically generated by MyBatis MybatisGenerator, do not modify.
    -->
    delete from relayoperation
    where userid = #{userid,jdbcType=VARCHAR}
      and deveui = #{deveui,jdbcType=VARCHAR}
      and time = #{time,jdbcType=VARCHAR}
      and devtype = #{devtype,jdbcType=VARCHAR}
  </delete>
  <insert id="insert" parameterType="com.jit.sensor.entity.Relayoperation">
    <!--
      WARNING - @mbggenerated
      This element is automatically generated by MyBatis MybatisGenerator, do not modify.
    -->
    insert into relayoperation (userid, deveui, time, 
      devtype, data, flag, 
      switchno)
    values (#{userid,jdbcType=VARCHAR}, #{deveui,jdbcType=VARCHAR}, #{time,jdbcType=VARCHAR}, 
      #{devtype,jdbcType=VARCHAR}, #{data,jdbcType=VARCHAR}, #{flag,jdbcType=INTEGER}, 
      #{switchno,jdbcType=VARCHAR})
  </insert>
  <insert id="insertSelective" parameterType="com.jit.sensor.entity.Relayoperation">
    <!--
      WARNING - @mbggenerated
      This element is automatically generated by MyBatis MybatisGenerator, do not modify.
    -->
    insert into relayoperation
    <trim prefix="(" suffix=")" suffixOverrides=",">
      <if test="userid != null">
        userid,
      </if>
      <if test="deveui != null">
        deveui,
      </if>
      <if test="time != null">
        time,
      </if>
      <if test="devtype != null">
        devtype,
      </if>
      <if test="data != null">
        data,
      </if>
      <if test="flag != null">
        flag,
      </if>
      <if test="switchno != null">
        switchno,
      </if>
    </trim>
    <trim prefix="values (" suffix=")" suffixOverrides=",">
      <if test="userid != null">
        #{userid,jdbcType=VARCHAR},
      </if>
      <if test="deveui != null">
        #{deveui,jdbcType=VARCHAR},
      </if>
      <if test="time != null">
        #{time,jdbcType=VARCHAR},
      </if>
      <if test="devtype != null">
        #{devtype,jdbcType=VARCHAR},
      </if>
      <if test="data != null">
        #{data,jdbcType=VARCHAR},
      </if>
      <if test="flag != null">
        #{flag,jdbcType=INTEGER},
      </if>
      <if test="switchno != null">
        #{switchno,jdbcType=VARCHAR},
      </if>
    </trim>
  </insert>
  <update id="updateByPrimaryKeySelective" parameterType="com.jit.sensor.entity.Relayoperation">
    <!--
      WARNING - @mbggenerated
      This element is automatically generated by MyBatis MybatisGenerator, do not modify.
    -->
    update relayoperation
    <set>
      <if test="data != null">
        data = #{data,jdbcType=VARCHAR},
      </if>
      <if test="flag != null">
        flag = #{flag,jdbcType=INTEGER},
      </if>
      <if test="switchno != null">
        switchno = #{switchno,jdbcType=VARCHAR},
      </if>
    </set>
    where userid = #{userid,jdbcType=VARCHAR}
      and deveui = #{deveui,jdbcType=VARCHAR}
      and time = #{time,jdbcType=VARCHAR}
      and devtype = #{devtype,jdbcType=VARCHAR}
  </update>
  <update id="updateByPrimaryKey" parameterType="com.jit.sensor.entity.Relayoperation">
    <!--
      WARNING - @mbggenerated
      This element is automatically generated by MyBatis MybatisGenerator, do not modify.
    -->
    update relayoperation
    set data = #{data,jdbcType=VARCHAR},
      flag = #{flag,jdbcType=INTEGER},
      switchno = #{switchno,jdbcType=VARCHAR}
    where userid = #{userid,jdbcType=VARCHAR}
      and deveui = #{deveui,jdbcType=VARCHAR}
      and time = #{time,jdbcType=VARCHAR}
      and devtype = #{devtype,jdbcType=VARCHAR}
  </update>


</mapper>