<?xml version="1.0" encoding="UTF-8"?>
<!DOCTYPE mapper PUBLIC "-//mybatis.org//DTD Mapper 3.0//EN" "http://mybatis.org/dtd/mybatis-3-mapper.dtd">
<mapper namespace="com.jit.sensor.mapper.SensorinfoMapper">
  <resultMap id="BaseResultMap" type="com.jit.sensor.entity.Sensorinfo">
    <!--
      WARNING - @mbggenerated
      This element is automatically generated by MyBatis MybatisGenerator, do not modify.
    -->
    <id column="id" jdbcType="INTEGER" property="id" />
    <id column="deveui" jdbcType="VARCHAR" property="deveui" />
    <id column="devtype" jdbcType="VARCHAR" property="devtype" />
    <result column="name" jdbcType="VARCHAR" property="name" />
    <result column="datalength" jdbcType="VARCHAR" property="datalength" />
    <result column="cf" jdbcType="VARCHAR" property="cf" />
  </resultMap>
  <sql id="Base_Column_List">
    <!--
      WARNING - @mbggenerated
      This element is automatically generated by MyBatis MybatisGenerator, do not modify.
    -->
    id, deveui, devtype, name, datalength, cf
  </sql>
  <select id="selectByPrimaryKey" parameterType="com.jit.sensor.entity.SensorinfoKey" resultMap="BaseResultMap">
    <!--
      WARNING - @mbggenerated
      This element is automatically generated by MyBatis MybatisGenerator, do not modify.
    -->
    select 
    <include refid="Base_Column_List" />
    from sensorinfo
    where id = #{id,jdbcType=INTEGER}
      and deveui = #{deveui,jdbcType=VARCHAR}
      and devtype = #{devtype,jdbcType=VARCHAR}
  </select>
  <delete id="deleteByPrimaryKey" parameterType="com.jit.sensor.entity.SensorinfoKey">
    <!--
      WARNING - @mbggenerated
      This element is automatically generated by MyBatis MybatisGenerator, do not modify.
    -->
    delete from sensorinfo
    where id = #{id,jdbcType=INTEGER}
      and deveui = #{deveui,jdbcType=VARCHAR}
      and devtype = #{devtype,jdbcType=VARCHAR}
  </delete>
  <insert id="insert" parameterType="com.jit.sensor.entity.Sensorinfo">
    <!--
      WARNING - @mbggenerated
      This element is automatically generated by MyBatis MybatisGenerator, do not modify.
    -->
    insert into sensorinfo (id, deveui, devtype, 
      name, datalength, cf
      )
    values (#{id,jdbcType=INTEGER}, #{deveui,jdbcType=VARCHAR}, #{devtype,jdbcType=VARCHAR}, 
      #{name,jdbcType=VARCHAR}, #{datalength,jdbcType=VARCHAR}, #{cf,jdbcType=VARCHAR}
      )
  </insert>
  <insert id="insertSelective" parameterType="com.jit.sensor.entity.Sensorinfo">
    <!--
      WARNING - @mbggenerated
      This element is automatically generated by MyBatis MybatisGenerator, do not modify.
    -->
    insert into sensorinfo
    <trim prefix="(" suffix=")" suffixOverrides=",">
      <if test="id != null">
        id,
      </if>
      <if test="deveui != null">
        deveui,
      </if>
      <if test="devtype != null">
        devtype,
      </if>
      <if test="name != null">
        name,
      </if>
      <if test="datalength != null">
        datalength,
      </if>
      <if test="cf != null">
        cf,
      </if>
    </trim>
    <trim prefix="values (" suffix=")" suffixOverrides=",">
      <if test="id != null">
        #{id,jdbcType=INTEGER},
      </if>
      <if test="deveui != null">
        #{deveui,jdbcType=VARCHAR},
      </if>
      <if test="devtype != null">
        #{devtype,jdbcType=VARCHAR},
      </if>
      <if test="name != null">
        #{name,jdbcType=VARCHAR},
      </if>
      <if test="datalength != null">
        #{datalength,jdbcType=VARCHAR},
      </if>
      <if test="cf != null">
        #{cf,jdbcType=VARCHAR},
      </if>
    </trim>
  </insert>
  <update id="updateByPrimaryKeySelective" parameterType="com.jit.sensor.entity.Sensorinfo">
    <!--
      WARNING - @mbggenerated
      This element is automatically generated by MyBatis MybatisGenerator, do not modify.
    -->
    update sensorinfo
    <set>
      <if test="name != null">
        name = #{name,jdbcType=VARCHAR},
      </if>
      <if test="datalength != null">
        datalength = #{datalength,jdbcType=VARCHAR},
      </if>
      <if test="cf != null">
        cf = #{cf,jdbcType=VARCHAR},
      </if>
    </set>
    where id = #{id,jdbcType=INTEGER}
      and deveui = #{deveui,jdbcType=VARCHAR}
      and devtype = #{devtype,jdbcType=VARCHAR}
  </update>
  <update id="updateByPrimaryKey" parameterType="com.jit.sensor.entity.Sensorinfo">
    <!--
      WARNING - @mbggenerated
      This element is automatically generated by MyBatis MybatisGenerator, do not modify.
    -->
    update sensorinfo
    set name = #{name,jdbcType=VARCHAR},
      datalength = #{datalength,jdbcType=VARCHAR},
      cf = #{cf,jdbcType=VARCHAR}
    where id = #{id,jdbcType=INTEGER}
      and deveui = #{deveui,jdbcType=VARCHAR}
      and devtype = #{devtype,jdbcType=VARCHAR}
  </update>

  <select id="selectByNeedData" parameterType="map" resultMap="BaseResultMap">
    <!--
      WARNING - @mbggenerated
      This element is automatically generated by MyBatis MybatisGenerator, do not modify.
    -->
    select
    <include refid="Base_Column_List" />
    from sensorinfo
    where  deveui = #{deveui,jdbcType=VARCHAR}
    and devtype = #{devtype,jdbcType=VARCHAR}
  </select>
</mapper>