<?xml version="1.0" encoding="UTF-8"?>
<!DOCTYPE mapper PUBLIC "-//mybatis.org//DTD Mapper 3.0//EN" "http://mybatis.org/dtd/mybatis-3-mapper.dtd">
<mapper namespace="com.jit.sensor.mapper.UniversaldataMapper">
  <resultMap id="BaseResultMap" type="com.jit.sensor.entity.Universaldata">
    <!--
      WARNING - @mbggenerated
      This element is automatically generated by MyBatis MybatisGenerator, do not modify.
    -->
    <id column="deveui" jdbcType="VARCHAR" property="deveui" />
    <id column="devtype" jdbcType="VARCHAR" property="devtype" />
    <id column="time" jdbcType="VARCHAR" property="time" />
    <result column="data" jdbcType="VARCHAR" property="data" />
  </resultMap>
  <sql id="Base_Column_List">
    <!--
      WARNING - @mbggenerated
      This element is automatically generated by MyBatis MybatisGenerator, do not modify.
    -->
    deveui, devtype, time, data
  </sql>
  <select id="selectByPrimaryKey" parameterType="com.jit.sensor.entity.UniversaldataKey" resultMap="BaseResultMap">
    <!--
      WARNING - @mbggenerated
      This element is automatically generated by MyBatis MybatisGenerator, do not modify.
    -->
    select 
    <include refid="Base_Column_List" />
    from universaldata
    where deveui = #{deveui,jdbcType=VARCHAR}
      and devtype = #{devtype,jdbcType=VARCHAR}
      and time = #{time,jdbcType=VARCHAR}
  </select>
  <delete id="deleteByPrimaryKey" parameterType="com.jit.sensor.entity.UniversaldataKey">
    <!--
      WARNING - @mbggenerated
      This element is automatically generated by MyBatis MybatisGenerator, do not modify.
    -->
    delete from universaldata
    where deveui = #{deveui,jdbcType=VARCHAR}
      and devtype = #{devtype,jdbcType=VARCHAR}
      and time = #{time,jdbcType=VARCHAR}
  </delete>
  <insert id="insert" parameterType="com.jit.sensor.entity.Universaldata">
    <!--
      WARNING - @mbggenerated
      This element is automatically generated by MyBatis MybatisGenerator, do not modify.
    -->
    insert into universaldata (deveui, devtype, time, 
      data)
    values (#{deveui,jdbcType=VARCHAR}, #{devtype,jdbcType=VARCHAR}, #{time,jdbcType=VARCHAR}, 
      #{data,jdbcType=VARCHAR})
  </insert>
  <insert id="insertSelective" parameterType="com.jit.sensor.entity.Universaldata">
    <!--
      WARNING - @mbggenerated
      This element is automatically generated by MyBatis MybatisGenerator, do not modify.
    -->
    insert into universaldata
    <trim prefix="(" suffix=")" suffixOverrides=",">
      <if test="deveui != null">
        deveui,
      </if>
      <if test="devtype != null">
        devtype,
      </if>
      <if test="time != null">
        time,
      </if>
      <if test="data != null">
        data,
      </if>
    </trim>
    <trim prefix="values (" suffix=")" suffixOverrides=",">
      <if test="deveui != null">
        #{deveui,jdbcType=VARCHAR},
      </if>
      <if test="devtype != null">
        #{devtype,jdbcType=VARCHAR},
      </if>
      <if test="time != null">
        #{time,jdbcType=VARCHAR},
      </if>
      <if test="data != null">
        #{data,jdbcType=VARCHAR},
      </if>
    </trim>
  </insert>
  <update id="updateByPrimaryKeySelective" parameterType="com.jit.sensor.entity.Universaldata">
    <!--
      WARNING - @mbggenerated
      This element is automatically generated by MyBatis MybatisGenerator, do not modify.
    -->
    update universaldata
    <set>
      <if test="data != null">
        data = #{data,jdbcType=VARCHAR},
      </if>
    </set>
    where deveui = #{deveui,jdbcType=VARCHAR}
      and devtype = #{devtype,jdbcType=VARCHAR}
      and time = #{time,jdbcType=VARCHAR}
  </update>
  <update id="updateByPrimaryKey" parameterType="com.jit.sensor.entity.Universaldata">
    <!--
      WARNING - @mbggenerated
      This element is automatically generated by MyBatis MybatisGenerator, do not modify.
    -->
    update universaldata
    set data = #{data,jdbcType=VARCHAR}
    where deveui = #{deveui,jdbcType=VARCHAR}
      and devtype = #{devtype,jdbcType=VARCHAR}
      and time = #{time,jdbcType=VARCHAR}
  </update>

  <select id="selectLastInfo" parameterType="map" resultMap="BaseResultMap">
    <!--
      WARNING - @mbggenerated
      This element is automatically generated by MyBatis MybatisGenerator, do not modify.
    -->
    select
    <include refid="Base_Column_List" />
    from universaldata
    where deveui = #{deveui,jdbcType=VARCHAR}
    and devtype = #{devtype,jdbcType=VARCHAR}
    order by time DESC
    limit 1
  </select>


  <select id="selectIntervalData" parameterType="map" resultMap="BaseResultMap">
    select
    <include refid="Base_Column_List" />
    from universaldata
    where  time <![CDATA[ >= ]]> #{lasttime,jdbcType=VARCHAR}
    and time <![CDATA[ <= ]]> #{nowtime,jdbcType=VARCHAR}
    order by time DESC
  </select>

  <select id="selectCusomizeData" parameterType="map" resultMap="BaseResultMap">
    select
    <include refid="Base_Column_List" />
    from universaldata
    where  time <![CDATA[ >= ]]> #{lasttime,jdbcType=VARCHAR}
    and time <![CDATA[ <= ]]> #{nowtime,jdbcType=VARCHAR}
    and deveui = #{deveui,jdbcType=VARCHAR}
    and devtype = #{devtype,jdbcType=VARCHAR}
    order by time DESC
  </select>


</mapper>