<?xml version="1.0" encoding="UTF-8" ?>
<!DOCTYPE mapper PUBLIC "-//mybatis.org//DTD Mapper 3.0//EN" "http://mybatis.org/dtd/mybatis-3-mapper.dtd" >
<mapper namespace="com.jit.sensor.mapper.UserMapper">
    <resultMap id="BaseResultMap" type="com.jit.sensor.entity.User">
        <!--
          WARNING - @mbggenerated
          This element is automatically generated by MyBatis MybatisGenerator, do not modify.
        -->
        <id column="id_" property="id" jdbcType="INTEGER"/>
        <result column="username_" property="username" jdbcType="VARCHAR"/>
        <result column="password_" property="password" jdbcType="VARCHAR"/>
        <result column="nickname_" property="nickname" jdbcType="VARCHAR"/>
    </resultMap>
    <sql id="Base_Column_List">
        <!--
          WARNING - @mbggenerated
          This element is automatically generated by MyBatis MybatisGenerator, do not modify.
        -->
        id_, username_, password_, nickname_
    </sql>
    <select id="selectByPrimaryKey" resultMap="BaseResultMap" parameterType="java.lang.Integer">
        <!--
          WARNING - @mbggenerated
          This element is automatically generated by MyBatis MybatisGenerator, do not modify.
        -->
        select
        <include refid="Base_Column_List"/>
        from user
        where id_ = #{id,jdbcType=INTEGER}
    </select>
    <delete id="deleteByPrimaryKey" parameterType="java.lang.Integer">
        <!--
          WARNING - @mbggenerated
          This element is automatically generated by MyBatis MybatisGenerator, do not modify.
        -->
        delete from user
        where id_ = #{id,jdbcType=INTEGER}
    </delete>
    <insert id="insert" parameterType="com.jit.sensor.entity.User">
        <!--
          WARNING - @mbggenerated
          This element is automatically generated by MyBatis MybatisGenerator, do not modify.
        -->
        insert into user (id_, username_, password_,
        nickname_)
        values (#{id,jdbcType=INTEGER}, #{username,jdbcType=VARCHAR}, #{password,jdbcType=VARCHAR},
        #{nickname,jdbcType=VARCHAR})
    </insert>
    <insert id="insertSelective" parameterType="com.jit.sensor.entity.User">
        <!--
          WARNING - @mbggenerated
          This element is automatically generated by MyBatis MybatisGenerator, do not modify.
        -->
        insert into user
        <trim prefix="(" suffix=")" suffixOverrides=",">
            <if test="id != null">
                id_,
            </if>
            <if test="username != null">
                username_,
            </if>
            <if test="password != null">
                password_,
            </if>
            <if test="nickname != null">
                nickname_,
            </if>
        </trim>
        <trim prefix="values (" suffix=")" suffixOverrides=",">
            <if test="id != null">
                #{id,jdbcType=INTEGER},
            </if>
            <if test="username != null">
                #{username,jdbcType=VARCHAR},
            </if>
            <if test="password != null">
                #{password,jdbcType=VARCHAR},
            </if>
            <if test="nickname != null">
                #{nickname,jdbcType=VARCHAR},
            </if>
        </trim>
    </insert>
    <update id="updateByPrimaryKeySelective" parameterType="com.jit.sensor.entity.User">
        <!--
          WARNING - @mbggenerated
          This element is automatically generated by MyBatis MybatisGenerator, do not modify.
        -->
        update user
        <set>
            <if test="username != null">
                username_ = #{username,jdbcType=VARCHAR},
            </if>
            <if test="password != null">
                password_ = #{password,jdbcType=VARCHAR},
            </if>
            <if test="nickname != null">
                nickname_ = #{nickname,jdbcType=VARCHAR},
            </if>
        </set>
        where id_ = #{id,jdbcType=INTEGER}
    </update>
    <update id="updateByPrimaryKey" parameterType="com.jit.sensor.entity.User">
        <!--
          WARNING - @mbggenerated
          This element is automatically generated by MyBatis MybatisGenerator, do not modify.
        -->
        update user
        set username_ = #{username,jdbcType=VARCHAR},
        password_ = #{password,jdbcType=VARCHAR},
        nickname_ = #{nickname,jdbcType=VARCHAR}
        where id_ = #{id,jdbcType=INTEGER}
    </update>

    <select id="selectByUserName" resultMap="BaseResultMap" parameterType="map">
        <!--
          WARNING - @mbggenerated
          This element is automatically generated by MyBatis MybatisGenerator, do not modify.
        -->
        select
        <include refid="Base_Column_List"/>
        from user
        where username_ = #{username_,jdbcType=VARCHAR}
    </select>

    <update id="updateByUserName" parameterType="com.jit.sensor.entity.User">
        <!--
          WARNING - @mbggenerated
          This element is automatically generated by MyBatis MybatisGenerator, do not modify.
        -->
        update user
        set
        password_ = #{password,jdbcType=VARCHAR},
        nickname_ = #{nickname,jdbcType=VARCHAR}
        where username_ = #{username,jdbcType=VARCHAR}
    </update>
</mapper>